,pdb,chain
0,6XN3,R
1,7Y8P,B
2,2DRA,B
3,1JZV,C
4,5BKL,V
5,377D,D
6,8APO,C2
7,1CWP,F
8,8D4A,C
9,8APO,C1
10,7PD3,4
11,2JLV,C
12,7QVP,A4
13,6M6S,D
14,6XN3,T
15,1DUQ,B
16,6D9J,3
17,5LR3,B
18,1UVI,D
19,7C2K,G
20,7BAH,C
21,4HKQ,E
22,4DR6,W
23,5EBI,H
24,2YJY,D
25,6DCL,D
26,2R7X,Y
27,4V4F,A6
28,4PCO,E
29,2F8T,D
30,7M2T,yy
31,2BBV,N
32,5EV1,B
33,3R1D,B
34,2VRT,E
35,7ELH,Q
36,7MQF,B
37,5K77,z
38,7N2V,mR
39,3IAB,R
40,6XQB,F
41,1U63,B
42,7P7T,b
43,7CTT,Q
44,7UO5,B
45,7OJN,D
46,4K4V,F
47,7XPL,J
48,8EHQ,R
49,1G2E,B
50,6Z8K,T
51,2VRT,G
52,7UO1,C
53,5K78,x
54,8GNA,J
55,4QI2,E
56,7RE1,P
57,8FFR,W
58,7UWS,H
59,6QDV,E
60,7VKL,B
61,4M6D,L
62,7NKY,P
63,7PD3,L
64,4PEH,V
65,4NIA,w
66,7M2T,v
67,3G9Y,C
68,353D,B
69,5BKN,ll
70,1WMQ,D
71,1JBR,F
72,4FRG,B
73,5E3H,C
74,5EV4,B
75,1DI2,C
76,4V84,CV
77,7OJN,M
78,1NBS,B
79,3ZC0,O
80,1J6S,D
81,3AVY,T
82,6BBO,B
83,3R1E,B
84,7NJC,B
85,2PJP,B
86,7M2T,4
87,3MQK,D
88,4WT8,B2
89,4Y52,R
90,3P6Y,S
91,2O3Y,B
92,6E0O,C
93,5K77,Z
94,4JAH,C
95,1DDL,E
96,4KZ2,B
97,3Q0S,B
98,7QI4,Az
99,7K16,P
100,5K77,w
101,7ECO,E
102,3JCS,3
103,4IQS,E
104,1SA9,E
105,4V4F,B3
106,6XU8,A9
107,7BPG,C
108,7V94,B
109,4KNQ,B
110,7BKQ,Y
111,6NOD,E
112,1QTQ,B
113,6OGY,N
114,1ZX7,E
115,8ANE,R
116,2UXC,X
117,3GTJ,R
118,7DVQ,G
119,6SQN,Y
120,1TFY,E
121,3MDI,C
122,7BKQ,X
123,6STY,F
124,4EYA,g
125,1M8V,G
126,1XPU,M
127,7PMQ,F
128,6MDZ,F
129,4PDB,I
130,7M2T,5
131,5LR5,B
132,4V4F,AZ
133,3HTX,E
134,4ILL,C
135,8D96,E
136,7CXM,J
137,5KLA,B
138,3P4D,B
139,7K98,F
140,4WTI,P
141,3QRP,B
142,5AWH,E
143,3FTM,B
144,8ASG,T
145,7UO0,C
146,6GSK,4K
147,7MQF,J
148,7XSP,D
149,5C9H,C
150,1FJG,X
151,7AM2,R2
152,3P59,E
153,3NJ7,E
154,7ELH,P
155,2G3S,H
156,7M2T,u
157,7UML,R
158,4TUW,D
159,4V4F,A7
160,3HOU,3
161,5ED1,C
162,7ECK,G
163,7ELH,O
164,8E28,C
165,4WZM,B
166,4E58,C
167,7MQD,D
168,5VJ9,D
169,7C07,X
170,5D8T,B
171,6YYT,T
172,7XD9,N
173,1M8V,D
174,4PJO,Y
175,7WWU,M
176,3R1C,V
177,1MZP,B
178,4OLA,B
179,5BKN,S
180,7N0D,T
181,8G60,At
182,8DZK,G
183,4K50,F
184,3KOA,C
185,7WKP,B
186,2G4B,B
187,8HSG,R
188,6CAP,W
189,3MJA,C
190,4EYA,m
191,4TYW,B
192,6TZ1,M
193,6DCL,C
194,3S15,R
195,4EYA,p
196,2E9Z,B
197,7ZOL,C
198,6RIP,R
199,8EG7,R
200,5UZ6,B
201,7N06,J
202,5T7B,R
203,1UVN,F
204,5XTM,D
205,3NNH,F
206,7DMQ,C
207,6ZDU,C
208,3AVV,G
209,6D9J,4
210,7ABZ,4
211,3HK2,F
212,2IY5,T
213,8AF0,D
214,6M0X,B
215,6JVX,B
216,6G3B,C
217,6X1B,F
218,7ZW0,sm
219,4K50,J
220,7M3T,qq
221,7C45,D
222,4MCF,G
223,6KWQ,C
224,4X4U,H
225,4V8Q,BY
226,5HO4,B
227,2Y9H,J
228,5VCI,B
229,6GAZ,AX
230,5XTM,B
231,7QCA,L50
232,7OL0,P
233,1UVM,E
234,6GSL,1K
235,6NWY,QX
236,6BM2,R
237,3QJJ,R
238,4V85,AV
239,6N6C,D
240,8APO,A3
241,7MQF,D
242,2X1F,B
243,7V6C,F
244,7PD3,y
245,4FVU,B
246,3R9W,B
247,7ONU,T
248,4G0A,E
249,3CD6,4
250,3P59,H
251,7VSJ,B
252,5ELS,I
253,7M2T,w
254,2QUW,C
255,7QI4,Ay
256,3J6B,e
257,4O26,E
258,3R1D,D
259,4E5C,B
260,4PRF,B
261,3AVX,G
262,2VRT,H
263,7N06,G
264,6IFK,J
265,8G6R,J
266,6R5Q,4
267,4JAH,E
268,5ED2,B
269,1JZV,D
270,6O7H,K
271,3ERC,G
272,7M3T,X
273,2BGG,R
274,2VOO,C
275,7TR6,R
276,7PMM,C
277,1M8V,J
278,7RIP,R
279,7ABZ,8
280,8GH6,R
281,2ANN,B
282,7C08,U
283,3BT7,D
284,3S16,R
285,2XLK,C
286,7Y9X,R
287,4V9I,AX
288,4P97,B
289,3AHU,X
290,5K78,X
291,1MHK,L
292,1M8V,I
293,5DCV,B
294,6ASO,I
295,6YFT,TG
296,6L1W,C
297,7JRS,B
298,8BSI,y
299,5K77,X
300,6ZJ3,LK
301,1PVO,K
302,7ACJ,4
303,7UY6,B
304,7A9N,L
305,2BGG,S
306,5UZ6,C
307,4KQ0,B
308,7M50,S
309,7CGI,B
310,4KR9,X
311,4C8Z,C
312,6RT7,E
313,4EYA,r
314,7B9V,E
315,3OK4,Z
316,6V4X,Z
317,4V4F,B8
318,4U7U,L
319,4V5K,AX
320,7ED5,I
321,6NOH,B
322,6UFJ,C
323,6TZ1,T
324,6HYU,D
325,7C7A,R
326,1XNQ,X
327,7M2T,6
328,7PLI,H
329,7EU0,R
330,7ORK,P
331,3MJ0,B
332,5XJ2,G
333,5HKC,C
334,1N35,C
335,8GWE,J
336,4V4F,B9
337,7M2T,ww
338,2R1S,B
339,6RT5,E
340,7ED5,J
341,2EC0,B
342,3X1L,I
343,3C3Z,B
344,7VTN,B
345,7EIU,C
346,1TFW,G
347,7M50,P
348,6ZM6,y
349,7Z1L,R
350,7V2Z,B
351,3ER8,E
352,8DFA,L
353,3LRR,C
354,8D1V,J
355,3T5Q,H
356,7M50,m
357,3BSB,C
358,7TNY,B
359,7UU3,D
360,7UNC,P
361,6GSL,4K
362,1UTD,0
363,7XW2,C
364,2NUE,C
365,5WNU,a
366,3S2H,R
367,4YHW,E
368,5BKL,Y
369,4NIA,2
370,7P6Z,Y
371,1R9F,B
372,4XJN,N
373,7TJ2,H
374,4QJD,E
375,7OM7,J
376,8EA4,7
377,4GKK,X
378,6M6S,C
379,7O7Y,AH
380,5K7D,B
381,5T3K,B
382,7B9V,I
383,4NIA,3
384,5VM9,D
385,1CGM,I
386,6RA4,M
387,2B3J,G
388,4OHZ,B
389,4AM3,E
390,6JOO,B
391,5C9H,D
392,7MQF,N
393,3NNA,B
394,5T16,H
395,6XA1,k
396,6XH2,D
397,7PD3,B
398,1M8V,Q
399,4NIA,6
400,5EIM,D
401,4MCF,D
402,1A9N,R
403,7QVP,D5
404,7ECO,B
405,4Z7L,F
406,4Q5S,I
407,8DK7,C
408,5WWG,B
409,7Q80,B
410,3BNN,D
411,3R1C,R
412,2VPL,B
413,2Y9H,L
414,4X4N,G
415,7MQF,L
416,7O5B,V
417,4ANG,S
418,1FXL,B
419,3FTE,C
420,3GLP,B
421,7Y7P,E
422,4WJ4,B
423,5M0I,E
424,6FPX,D
425,4JAB,B
426,5ZWM,G
427,4HT9,D
428,7ECN,B
429,3V74,B
430,6TY9,M
431,6YHS,8
432,6E9F,C
433,3SNP,C
434,4G0A,G
435,7ELC,C
436,1KOG,I
437,5ELR,B
438,1SI2,B
439,4N0T,B
440,7PD3,Q
441,7UR5,v
442,4H8K,C
443,6BK8,6
444,8D49,B
445,6WVJ,R
446,2GXB,F
447,1N33,Y
448,4OL8,G
449,6HU6,B
450,6YAL,3
451,2XS2,B
452,6O7H,G
453,3ER8,H
454,5JRC,E
455,6HCT,B
456,1OOA,C
457,1DUQ,D
458,8GLP,mR
459,6R9O,B
460,5YTT,B
461,1TFY,G
462,7EAG,D
463,3R2D,R
464,1YLS,D
465,8D1V,N
466,3SUX,X
467,4JXZ,B
468,7OB9,R
469,5K77,Y
470,7XPL,H
471,3QGC,B
472,5O5J,W
473,5ZQ1,B
474,2C4Q,S
475,7Z1O,R
476,5XWY,B
477,7NHN,b
478,7QTT,g
479,3HJW,D
480,4FTB,R
481,7MQD,J
482,6R6P,4
483,4AM3,D
484,6A6J,B
485,5K78,y
486,3SIU,F
487,3ER8,F
488,2ET8,B
489,7BPV,S
490,3T5N,C
491,3AVU,T
492,8DO6,J
493,6HCT,F
494,3IGI,B
495,5HSW,B
496,8H2H,B
497,6DT8,D
498,6Z8K,H
499,5F6C,C
500,7ZHG,5
501,3G9C,F
502,7P9I,D
503,6SVS,B
504,7ZHH,C
505,3BX3,D
506,7M3T,P
507,6BK8,e
508,7PD3,u
509,7EU0,O
510,6VRD,B
511,8EHF,R
512,7CGH,B
513,6LSF,C
514,7QTT,f
515,7M50,kk
516,6D90,4
517,1XOK,B
518,3P59,D
519,5T3K,D
520,4PHY,B
521,5ZTM,C
522,5I9H,B
523,6DVK,H
524,6YYM,B
525,2GJW,F
526,3R1D,E
527,5UED,B
528,7KI3,F
529,4K4U,H
530,4KR6,D
531,7RGU,B
532,6MDZ,C
533,6GAZ,AV
534,1QU2,T
535,4NIA,t
536,409D,C
537,2I91,D
538,7KI3,B
539,3ZLA,J
540,3A6P,E
541,5WZJ,B
542,7ZJW,S
543,6T7T,5
544,5M3H,R
545,8AUV,B
546,1B7F,P
547,6CF2,G
548,7Y81,B
549,6D2Z,C
550,7N06,I
551,8APO,C3
552,4M59,C
553,3BNN,C
554,3ADI,E
555,7M3T,bb
556,4PJO,x
557,8HHL,B
558,5AOX,F
559,7ZJW,I
560,7VBB,R
561,5BZV,B
562,5CNR,F
563,5Z9X,R
564,4QIK,D
565,2XGJ,D
566,1DUQ,E
567,4JVY,D
568,6AAX,D
569,4NIA,8
570,6GD3,P
571,1M8Y,C
572,5ELT,F
573,5JCF,C
574,4ILM,R
575,3CZ3,G
576,7DOK,P
577,4ERD,C
578,3TD0,B
579,1Q96,B
580,1MHK,S
581,7S3C,B
582,3K62,B
583,5F8J,C
584,4OO1,S
585,4WT8,D2
586,7C7L,C
587,1NTA,B
588,8AF0,C
589,8FR8,v
590,7CXM,L
591,2Y9H,F
592,5VM9,B
593,4B3G,G
594,7M8E,3
595,7KGA,B
596,4Z7K,C
597,3ERC,C
598,6E0O,B
599,7REX,C
600,5CKI,D
601,4BY7,P
602,4BOC,R
603,7R81,w1
604,3QRQ,B
605,4F02,E
606,7XWZ,F
607,6LSE,C
608,6ORD,QX
609,8AS7,P
610,5U0A,K
611,4NKU,H
612,6MSF,S
613,6RTI,X
614,8EYU,B
615,1ZBH,F
616,7THB,B
617,6JIM,D
618,4QIK,C
619,5BKL,TT
620,3Q0P,C
621,1KNZ,Z
622,2GUN,B
623,6F4H,F
624,7PKT,2
625,7WNU,C
626,1FEU,F
627,7MQD,L
628,5LQO,B
629,5CNR,B
630,3SIU,C
631,7KX9,C
632,7KQN,E
633,6I3P,E
634,7UWE,R
635,3Q2T,E
636,5LZS,hh
637,7QH7,B
638,5NXT,U
639,1N38,B
640,5T3K,C
641,3ER8,G
642,5T5H,F
643,4TUE,QY
644,2OE5,B
645,7QXA,B
646,4ILL,R
647,4NIA,X
648,5AY2,C
649,7NQ4,C
650,3BX2,D
651,6N4O,D
652,7ECK,L
653,3VJR,B
654,2G3S,I
655,8GS2,B
656,6DNH,E
657,7RQB,2w
658,6YXY,AA
659,1TFY,H
660,8FZT,B
661,8CX1,L
662,8BE0,V
663,5TDJ,B
664,3M7N,Z
665,6ZYM,Y
666,4NKU,D
667,5K77,v
668,2F8T,C
669,7MQD,H
670,7DLZ,X
671,5WWF,B
672,6NUT,D
673,4NIA,v
674,4X4N,I
675,6NUE,H
676,6YDP,AX
677,7PD3,O
678,4K4U,G
679,4MDX,C
680,6TZ2,T
681,6KOQ,I
682,4KZ2,C
683,2QUX,L
684,1KUQ,B
685,5I9D,B
686,7YPA,I
687,4TUE,Z5
688,4NIA,z
689,4FXD,F
690,4PMW,C
691,4TZ6,B
692,6QIT,B
693,7ECK,D
694,5F0Q,C
695,2GJE,S
696,3R1C,H
697,6QN3,B
698,4K50,C
699,7ECP,C
700,7M3T,h
701,1YVP,G
702,2AO5,D
703,2Q66,X
704,5F8N,C
705,7BKP,Z
706,1U6B,B
707,7Q80,F
708,1CVJ,F
709,3Q0N,C
710,7Y2B,S
711,8H1B,D
712,4K4Z,D
713,6U6Y,E
714,6SZU,M
715,4XWW,E
716,6XN5,R
717,6SZV,R
718,3I62,B
719,1YYW,E
720,4LGT,E
721,4PJO,y
722,5Y88,F
723,3HJW,E
724,5GUH,B
725,7ORM,H
726,2UXD,X
727,8CWO,Y
728,7N06,H
729,7M3T,a
730,4V4F,A8
731,8ABZ,R
732,3R1D,C
733,7MLX,R
734,4RWN,C
735,464D,C
736,7MQA,L0
737,1PVO,J
738,7ECK,I
739,3P6Y,R
740,7XS4,B
741,7PD3,E
742,4K50,O
743,1YLS,C
744,6DB9,R
745,1ET4,C
746,6U6Y,H
747,7DTE,F
748,1CVJ,D
749,4V9E,Bm
750,4GV6,B
751,3BNR,C
752,6SX2,D
753,2BGG,Q
754,7MQD,B
755,6FQ3,B
756,5UDI,B
757,8F3C,R
758,8EDJ,R
759,8C4U,H
760,1M8X,D
761,2C0B,R
762,4E58,D
763,4V4F,B2
764,7Q82,C
765,7Y7P,J
766,7QIZ,aA
767,3BOY,D
768,7PO6,D
769,4KZD,R
770,4K4U,D
771,4WT8,A2
772,7PD3,k
773,7SP1,Q
774,8I9R,C1
775,4TS2,Y
776,7NSH,BB
777,2UXD,Y
778,1I6H,R
779,4V9E,Aa
780,8GKH,W
781,5BZ1,B
782,6BK8,2
783,3HJF,Y
784,3ADL,B
785,5BKN,e
786,6QDV,I
787,7OJL,E
788,3AL0,E
789,4ED5,C
790,2Y8Y,B
791,3HOV,P
792,3ADD,D
793,1M8V,E
794,4KRF,R
795,8D29,C
796,7M3T,V
797,1VQN,4
798,1NUV,F
799,6KUJ,R
800,7L6T,C
801,2PN3,B
802,1U1Y,S
803,8APO,A6
804,7TRA,R
805,7Q82,B
806,7V6C,D
807,6R47,B
808,7AC7,8
809,7YED,T
810,3OK4,R
811,7LO9,D
812,7ELQ,B
813,4AM3,H
814,5V3F,B
815,7PD3,0
816,4F1N,F
817,1QBP,E
818,4AY2,C
819,5LR5,D
820,4NGF,G
821,3ERC,E
822,7C06,I
823,6OZR,C
824,1YZD,C
825,7TQL,3
826,5WWX,C
827,5BKN,a
828,8AKN,Y
829,1WNE,B
830,7PO6,E
831,3Q0Q,B
832,6BSI,R
833,6JQ6,U
834,3P6Y,Q
835,8E8M,R
836,6XRQ,B
837,7VTN,C
838,6KYV,E
839,1M5K,D
840,6D12,C
841,7YGA,N
842,5BKL,T
843,3R2D,S
844,4PJO,4
845,4HOR,X
846,7QVP,A5
847,6RXU,C2
848,3QSU,P
849,6NWY,XX
850,6H0R,B
851,5OT2,P
852,5C0Y,C
853,3TRZ,Z
854,7VBC,R
855,8DC2,B
856,1SAQ,B
857,6RT4,D
858,3KNA,B
859,6MDZ,D
860,7N0C,T
861,4NIA,u
862,5Y88,B
863,3Q0L,C
864,2NUG,F
865,7JRT,B
866,5AMR,B
867,5AOR,D
868,1R9F,C
869,3GM7,G
870,8DVU,B
871,4DR6,a
872,3R1C,c
873,3BSX,D
874,5BKL,WW
875,7XD9,I
876,4ZLR,C
877,7VPX,L
878,7EAG,E
879,7P9I,E
880,7XJG,E
881,2F8K,B
882,2P7E,D
883,1KD4,B
884,5JAJ,X
885,6LLB,C
886,5K77,W
887,6N6D,D
888,7KJV,C
889,7RDQ,I
890,5H1L,B
891,6LNB,M
892,6IA2,B
893,7S3B,B
894,8EUY,6
895,7M3T,WW
896,1QC0,D
897,4V83,CV
898,6RT4,C
899,3K49,F
900,4Z7L,C
901,6YWY,ee
902,4TU0,F
903,4O41,B
904,5AY2,D
905,5G4U,J
906,3P22,F
907,6X1B,D
908,7EVO,H
909,4V4F,A2
910,7WJU,C
911,5C0Y,D
912,3QRP,C
913,1NUV,E
914,4PCO,D
915,6HAU,D
916,7MQF,H
917,7O81,AH
918,1M8V,M
919,4XW1,C
920,1ZZ5,C
921,7UO7,T
922,6YWE,ee
923,7SBA,Z
924,4WTC,T
925,4V4F,BZ
926,8AXF,Q
927,6FYY,3
928,3PKM,G
929,7QTL,M
930,6GC5,G
931,6D6R,N
932,3ADL,C
933,1YYW,G
934,3A6P,I
935,7QI4,Aw
936,4U6K,C
937,7OM7,L
938,7ODF,F
939,7R6Q,1
940,4P97,C
941,7DMQ,B
942,5DH6,B
943,7MQD,N
944,5Y88,x
945,5O1Z,B
946,8G60,mR
947,7NKX,P
948,4X9E,H
949,5BKN,X
950,1U6B,C
951,3BSX,C
952,6WYB,B
953,1DDL,D
954,1ZH5,C
955,7M2T,3
956,4V4F,B7
957,6ZJ3,LH
958,5ZKJ,C
959,8DG7,E
960,6RIE,P
961,4JYA,X
962,3GM7,H
963,6H9H,D
964,7YED,M
965,6O16,D
966,7D8O,J
967,6SXO,L8
968,6ID1,G
969,4TUE,QX
970,2H1M,B
971,1PVO,L
972,4NHA,B
973,1MMS,D
974,7ECK,E
975,6RR7,D
976,7D6Z,2
977,7QIZ,s
978,1B23,R
979,7P7Q,b
980,7XT4,a
981,4E48,D
982,5Y6Z,B
983,5Y85,B
984,6N6E,D
985,1T0K,C
986,7MJW,G
987,2BX2,R
988,6BHJ,E
989,2XBM,E
990,3H5X,T
991,7U2I,1v
992,4V9K,CV
993,1M8V,B
994,3HO1,Y
995,1YTU,E
996,6NTA,XX
997,6HYU,B
998,4P3U,C
999,2UWM,C
1000,7EIU,D
1001,7M3T,m
1002,6O1K,O
1003,6ZJ3,LL
1004,6S8B,V
1005,6SJD,D
1006,6KL9,G
1007,7KX9,B
1008,6NTA,XV
1009,5JCH,V
1010,4NIA,1
1011,7R97,D
1012,2XZL,B
1013,1CVJ,S
1014,6RA4,L
1015,4O41,D
1016,3JBV,X
1017,7B3C,T
1018,7DVQ,H
1019,364D,B
1020,364D,C
1021,4PJO,X
1022,8ASG,P
1023,4C7O,E
1024,7VYX,C
1025,4WRT,R
1026,2UWM,D
1027,5X70,G
1028,6RR7,E
1029,5K77,x
1030,6JCY,I
1031,6LSG,B
1032,7OOP,P
1033,4RMO,F
1034,5K77,V
1035,6U6Y,G
1036,5WTI,B
1037,6UVN,M
1038,6E8T,C
1039,6E8T,D
1040,4NGC,B
1041,8CLM,C
1042,4Z31,C
1043,7R9F,B
1044,7AOH,P
1045,6O16,C
1046,1ZBI,C
1047,5BJO,Y
1048,1TFW,I
1049,7PD3,r
1050,3ERC,I
1051,2J0S,E
1052,1T0K,D
1053,5BKL,a
1054,7M3T,e
1055,8DZK,O
1056,5LTA,E
1057,7QGG,w
1058,6XLW,B
1059,7ORN,T
1060,4ERD,D
1061,5U30,B
1062,7MQD,F
1063,3BNR,B
1064,5G4U,F
1065,7RQB,1x
1066,5YKI,C
1067,6QCT,R
1068,6X5M,R
1069,6PUN,D
1070,7XN7,P
1071,6NY5,C
1072,7MSF,S
1073,7TZS,Y
1074,8HMZ,5
1075,7ELH,R
1076,8E0F,C
1077,7M2T,zz
1078,1S77,R
1079,7XUE,R
1080,6N4O,C
1081,4QVC,G
1082,7Z26,E
1083,6NTA,QX
1084,5DDO,B
1085,4NH5,B
1086,7NAF,1
1087,6JJI,B
1088,7B9V,2
1089,5VJ9,B
1090,4V4F,A1
1091,8ASD,E
1092,6QIT,D
1093,3ERC,D
1094,1SA9,C
1095,1M8V,L
1096,5WNP,b
1097,5LM7,R
1098,6XMF,C
1099,5FJ4,H
1100,8GWE,I
1101,7ECO,D
1102,6VRB,B
1103,5DNO,B
1104,3CGS,B
1105,1JID,B
1106,4PCO,C
1107,4JRT,B
1108,2VAL,B
1109,5HK0,F
1110,402D,B
1111,7Y7Q,C
1112,7XYA,R
1113,6U6Y,F
1114,4TYY,B
1115,8BF8,B
1116,6N6I,C
1117,5LR4,B
1118,354D,B
1119,4H5P,F
1120,7OJN,R
1121,7DCO,G
1122,1RPU,C
1123,7QTT,e
1124,7M2V,U
1125,3KTW,C
1126,4MCF,F
1127,7MQD,P
1128,7TRC,B
1129,7AM2,R1
1130,3IBK,B
1131,5K78,Y
1132,6YMC,B
1133,5AY2,B
1134,7ZTA,MRN1
1135,2F8S,D
1136,4NGF,H
1137,4X62,a
1138,3CJZ,B
1139,6C63,B
1140,7M3T,T
1141,6SXO,L5
1142,4GG4,H
1143,6QW6,6
1144,3P6Y,W
1145,5EL4,4K
1146,7M2T,y
1147,6N6F,D
1148,8DMB,W
1149,6GV4,D
1150,2PO1,C
1151,6PPV,H
1152,6DU4,B
1153,1XPU,J
1154,7N06,K
1155,2AWE,G
1156,7DOI,T
1157,3AGV,S
1158,6XN4,T
1159,6H4N,I
1160,2JLT,B
1161,7Q80,E
1162,7ST2,4
1163,4HOS,X
1164,3S2D,R
1165,7OZQ,F
1166,4L8H,R
1167,5LQT,B
1168,5UZ6,E
1169,1XPU,K
1170,6N6H,D
1171,4Z92,D
1172,280D,C
1173,7VPX,I
1174,6DTD,C
1175,4P3U,B
1176,2ZI0,D
1177,6S8B,U
1178,5HNJ,F
1179,2VNU,B
1180,1D4R,B
1181,5D0A,E
1182,7M2T,x
1183,4B3G,H
1184,3SJ2,B
1185,6AJK,B
1186,7YPA,H
1187,2Z75,B
1188,4DR6,b
1189,5JBG,X
1190,3ADI,D
1191,3AGV,U
1192,5F8N,B
1193,8D29,J
1194,3T5Q,J
1195,5HK0,E
1196,7BHP,B
1197,4FYD,E
1198,4ANG,R
1199,5ZWM,H
1200,4WSM,3K
1201,4A93,P
1202,1WNE,C
1203,7YED,N
1204,1M5K,B
1205,4C9D,D
1206,2Y9H,N
1207,7OEA,E
1208,4K4V,C
1209,2W2H,S
1210,4EYA,i
1211,4NIA,4
1212,3SIV,F
1213,4Z0C,B
1214,7ZHG,4
1215,1U6B,D
1216,7OZV,P
1217,8FJL,b6
1218,5WTY,C
1219,6MDZ,E
1220,4O8J,E
1221,7UZX,G
1222,8HMZ,3
1223,6YL5,H
1224,7PD3,K
1225,3RW6,F
1226,7C08,C
1227,5NS3,C
1228,4J1G,E
1229,4KJI,D
1230,1M8V,O
1231,8DZK,P
1232,7MQF,P
1233,4TU0,G
1234,5WWF,D
1235,3ERC,F
1236,6BK8,i
1237,4A3L,P
1238,6QIT,C
1239,5EX7,B
1240,8FJK,a6
1241,4FEN,B
1242,7UND,P
1243,4DB2,G
1244,1I9X,B
1245,4V4F,A9
1246,5T2A,G
1247,6SY6,D
1248,1ZL3,B
1249,5ZKJ,E
1250,7M2T,1
1251,4V4F,B1
1252,7OSM,mRNA
1253,6AR1,F
1254,7M2V,T
1255,7ORO,P
1256,6TZ2,N
1257,7UNW,v
1258,8E3I,E
1259,7M50,TT
1260,4NIA,5
1261,280D,B
1262,1H4S,T
1263,6ZYM,2
1264,2OEU,B
1265,3FTM,C
1266,433D,B
1267,7N06,L
1268,7R6Q,6
1269,2Q1O,C
1270,5F5F,H
1271,2E9Z,C
1272,8AM9,X
1273,1SA9,D
1274,5HNJ,D
1275,2I91,F
1276,7N0D,K
1277,4Z31,D
1278,5Y6Z,G
1279,8A22,A1
1280,3NVK,K
1281,7KFN,B
1282,5NEW,C
1283,7X34,3
1284,4GHA,J
1285,2PY9,F
1286,7PD3,z
1287,3TS2,V
1288,6TQA,F
1289,4JYA,Y
1290,2RFK,F
1291,7M2T,z
1292,7Z26,D
1293,7M50,UU
1294,1XPU,H
1295,1UTD,1
1296,5V7C,C
1297,7YFE,N
1298,8D29,R
1299,1FEU,C
1300,5DET,Q
1301,2R7S,X
1302,4PEH,X
1303,3QJL,X
1304,7M2T,xx
1305,6HTU,F
1306,7W0A,D
1307,5NWQ,B
1308,4IQS,F
1309,3SN2,B
1310,7ZJX,I
1311,4BHH,R
1312,7M2T,8
1313,4X9E,G
1314,8E4X,D
1315,8ESQ,6
1316,5Z4J,B
1317,6UQ3,R
1318,1ZH5,D
1319,2GJW,I
1320,7RQB,2x
1321,7DTE,G
1322,4KHP,X
1323,7YNC,C
1324,3P59,G
1325,1DQF,B
1326,2D6F,F
1327,5XH7,B
1328,7XJG,I
1329,7UOB,P
1330,3K5Z,B
1331,6DO8,b
1332,6N6I,D
1333,7QTL,R
1334,6CYT,N
1335,7LIU,X
1336,2ATW,B
1337,7BKP,X
1338,6ZJ3,S5
1339,1RLG,C
1340,6YL5,B
1341,4V9I,CX
1342,1M8V,F
1343,5BKN,WW
1344,4ILM,O
1345,2AO5,B
1346,4WTM,P
1347,2AZ0,C
1348,2IX1,B
1349,5EW4,B
1350,4ILM,E
1351,4Z4D,D
1352,7WNU,D
1353,5AMQ,C
1354,3JXQ,L
1355,7ORO,T
1356,7Z43,RRR
1357,3T3O,B
1358,2XS5,C
1359,1YVP,F
1360,7OT5,4
1361,6ZWW,B
1362,1UN6,E
1363,7UO7,P
1364,7TJ2,G
1365,1CVJ,H
1366,7SOP,B
1367,7C2K,F
1368,6FYY,1
1369,1QBP,D
1370,5VO8,I
1371,4YAZ,R
1372,7Q4K,D4
1373,4NIA,y
1374,3G9C,R
1375,3AVY,G
1376,4EYA,n
1377,7M2T,2
1378,7UU5,N
1379,2Y8W,B
1380,8GS2,D
1381,7M50,e
1382,2RFK,E
1383,3OG8,C
1384,4C4W,H
1385,5WEA,B
1386,419D,B
1387,3PF4,R
1388,4M59,D
1389,3HSB,X
1390,7MJV,E
1391,7KI3,C
1392,7M50,h
1393,4WSM,4K
1394,2NVT,R
1395,7VG2,D
1396,7P7Q,B
1397,7BPF,B
1398,2OIU,P
1399,4J7L,B
1400,7M2T,vv
1401,3HTX,F
1402,7ORO,S
1403,5ZC9,B
1404,7M2V,QQ
1405,4V99,Jh
1406,5I4A,D
1407,3CZ3,F
1408,6ZWW,F
1409,6TY9,T
1410,3NMU,I
1411,4DZS,C
1412,4WTJ,P
1413,1YYK,E
1414,6ZJ3,LD
1415,2GJW,L
1416,4E78,P
1417,3NL0,B
1418,6XZD,IN1
1419,7CYQ,I
1420,2VOD,C
1421,6QCS,R
1422,2VRT,F
1423,7EDT,B
1424,7RQB,1w
1425,1YZ9,C
1426,1PVO,G
1427,7PDV,F
1428,5BZ5,B
1429,7PMQ,E
1430,5K77,y
1431,2B3J,H
1432,5K36,L
1433,6F4G,F
1434,6ZJ3,LN
1435,3P59,B
1436,1PVO,H
1437,7OS0,D
1438,1GTN,W
1439,3BSU,D
1440,6O5F,D
1441,6A6J,D
1442,1I6U,D
1443,3NJ7,C
1444,5DE8,C
1445,5W0O,D
1446,4QCL,B
1447,7PKT,5
1448,8GWE,H
1449,7WIE,V
1450,4V5K,CX
1451,6ZM2,B
1452,7PKT,0
1453,3VYX,C
1454,5VZJ,M
1455,4WTL,P
1456,6SWE,2
1457,6MFN,C
1458,6JJH,B
1459,2WJ8,d
1460,4BXX,P
1461,8ASG,D
1462,2XLK,D
1463,6ZWW,D
1464,1F27,B
1465,3R1C,W
1466,4NIA,7
1467,7O5B,W
1468,7RE1,T
1469,4IQS,D
1470,8BF5,M
1471,4V4F,A0
1472,6HCT,E
1473,3FTF,C
1474,6ZYM,Z
1475,3RER,K
1476,3PLA,H
1477,7CGK,B
1478,4HT9,E
1479,7BPG,G
1480,5LR4,C
1481,7UJ1,D
1482,1YVP,C
1483,2BGG,P
1484,6AZ1,5
1485,7M3T,n
1486,7F3J,F
1487,1UVJ,F
1488,8BE0,M
1489,4K31,C
1490,3AVX,T
1491,6T0W,V
1492,4KYY,B
1493,5WWE,B
1494,7QR3,D
1495,2UXB,Y
1496,4WAN,B
1497,3Q0N,D
1498,5BKN,n
1499,1M8V,K
1500,1UTD,2
1501,7Q80,D
1502,4NIA,x
1503,1ZX7,H
1504,4ZC7,B
1505,4WQ1,4L
1506,5JXS,B
1507,1JBR,C
1508,7CGF,B
1509,1M8V,H
1510,4O41,C
1511,6P5N,1
1512,1IHA,B
1513,7UJ1,E
1514,5D5L,D
1515,7SZU,R
1516,7PLI,D
1517,7O80,AH
1518,4JAH,F
1519,4IG8,B
1520,4G0A,F
1521,3LRR,D
1522,5WTY,D
1523,8E29,B
1524,8DG7,F
1525,3SIV,C
1526,5O5J,X
1527,4C9D,C
1528,7PZY,10
1529,1KOG,K
1530,1DI2,G
1531,5ZQ8,C
1532,7O0G,E
1533,5C9H,E
1534,5ED1,B
1535,7ELH,N
1536,4PQU,T
1537,1QLN,R
1538,5L2L,D
1539,4WZQ,B
1540,6T4Q,5
1541,6X5M,a
1542,5L2L,C
1543,2A8V,E
1544,4QM6,D
1545,6W5C,B
1546,1UVL,F
1547,5EN1,B
1548,5WS2,D
1549,6LT7,C
1550,7M3T,TT
1551,1ZDJ,R
1552,4DB2,E
1553,3NVI,F
1554,7DIC,C
1555,7SYS,z
1556,4X4V,B
1557,7MQF,F
1558,1DFU,N
1559,8BMW,R
1560,4JZU,C
1561,5GXH,B
1562,7LO9,B
1563,6PZQ,I
1564,7ABZ,7
1565,1R3E,D
1566,6TQB,B
1567,6XLN,R
1568,7ECN,C
1569,7ECK,B
1570,4P3U,D
1571,6TZ2,M
1572,3P59,C
1573,2P7E,B
1574,8B6Z,B
1575,3OVB,C
1576,4LCK,C
1577,4QU7,V
1578,6IQW,I
1579,6DN2,X
1580,7CGL,B
1581,2ZKO,C
1582,4X4U,B
1583,6ZJ3,LI
1584,4JRD,B
1585,4MGN,C
1586,7BZF,F
1587,1E7K,C
1588,3FS0,B
1589,3J7P,8
1590,6AR5,B
1591,7ECK,K
1592,6ID1,H
1593,1CWP,D
1594,5G4U,I
1595,3DH3,E
1596,4AM3,I
1597,5V1K,B
1598,5JUP,EC
1599,3VNV,G
1600,8BWS,R
1601,4N2Q,B
1602,4QOZ,D
1603,1FEU,B
1604,6D1V,C
1605,7YFE,T
1606,2I91,E
1607,7W0A,C
1608,5Y58,X
1609,5MMM,W
1610,5E3H,B
1611,8DP3,R
1612,7KI3,E
1613,7B3C,P
1614,1XNR,X
1615,6D6R,O
1616,6XL9,R
1617,4DB2,I
1618,7WAZ,D
1619,5Y7M,D
1620,3LOA,B
1621,1J9H,D
1622,422D,B
1623,4G0A,H
1624,5BKL,bb
1625,7Z4O,VVV
1626,1SDS,E
1627,6LLB,D
1628,7BG6,C
1629,8CX2,K
1630,1LNT,B
1631,4V4F,B5
1632,7ELA,C
1633,5H3U,C
1634,5WZI,B
1635,1XPU,G
1636,4V8Q,BX
1637,3KOA,B
1638,5N94,C
1639,3K0J,F
1640,1VQ6,4
1641,4QQB,P
1642,1ZX7,D
1643,7M2T,7
1644,5ELH,R
1645,6DP8,b
1646,5WLH,B
1647,6ZWW,H
1648,332D,B
1649,3MDG,C
1650,3NMA,C
1651,8F4O,B
1652,6MKN,X
1653,5JJL,G
1654,7VG2,C
1655,7UZX,L
1656,7OAX,B
1657,5W0O,C
1658,6BSG,R
1659,5XPG,G
1660,6OGY,M
1661,5XOG,P
1662,7KVT,B
1663,6K32,p
1664,4PEH,W
1665,6DCC,B
1666,2DB3,E
1667,7SOU,B
1668,3NKB,B
1669,7UCK,1
1670,7DCO,H
1671,4PEH,Z
1672,4QJD,D
1673,5H1K,C
1674,7KL3,B
1675,6D30,C
1676,6U9X,H
1677,8E2A,B
1678,5ZQ0,B
1679,4D25,D
1680,6OLE,w
1681,7ZJX,S
1682,5XWP,E
1683,1ZX7,F
1684,1S76,R
1685,4V50,CW
1686,5D0A,F
1687,5G4U,E
1688,7NHM,b
1689,8G9L,D
1690,6LTU,B
1691,3TZR,B
1692,7F3K,B
1693,4LJ0,E
1694,3ICE,G
1695,3MQK,E
1696,7Y81,C
1697,7UU3,C
1698,7LO9,C
1699,6TY9,N
1700,4X2B,B
1701,8C4U,T
1702,6R7G,R
1703,7YHS,M
1704,4U8T,O
1705,6H9H,E
1706,1XPU,L
1707,5XPA,D
1708,7A9X,B
1709,2AWE,C
1710,3AVV,T
1711,7R6K,1
1712,6GSL,4L
1713,3VNU,T
1714,7ECK,J
1715,6KUJ,V
1716,6T0V,M
1717,1VTM,R
1718,1CWP,E
1719,4V4F,B4
1720,4PQU,E
1721,4JV5,Y
1722,6IS0,C
1723,3BT7,C
1724,3OK4,2
1725,7PLI,C
1726,7MQA,L2
1727,7KJV,D
1728,4AL5,B
1729,1SAQ,E
1730,8G6R,I
1731,4A3G,P
1732,5X2G,B
1733,6QW6,4
1734,3PO2,P
1735,6E8U,B
1736,7UTN,C
1737,5UDZ,V
1738,5EMO,F
1739,4Z7L,I
1740,2YJY,C
1741,2Q1O,D
1742,3R2C,S
1743,3Q0L,D
1744,4QJD,C
1745,1ZZ5,D
1746,6MPF,X
1747,5BKN,TT
1748,7KFN,C
1749,4QPX,P
1750,6YHS,6
1751,1EC6,D
1752,3IVK,C
1753,6V4X,Y
1754,7KQM,B
1755,6O7H,H
1756,2QWY,C
1757,2GJE,R
1758,8D4A,B
1759,7PWG,w
1760,8A22,A9
1761,1YZD,B
1762,4TUE,Z6
1763,4K4Z,N
1764,8D29,F
1765,5Y88,E
1766,7NT5,N
1767,3P59,F
1768,6V9B,B
1769,1M8V,C
1770,4X62,b
1771,7JNH,B
1772,7P7T,C
1773,7WWV,M
1774,7DA7,C
1775,8AS7,T
1776,7M2T,t
1777,6FUW,D
1778,3DD2,B
1779,1CSL,B
1780,5E81,4L
1781,3R9X,C
1782,398D,C
1783,5XWP,F
1784,7O7Z,AH
1785,5F9F,J
1786,6QIC,H
1787,7DOK,T
1788,8DFS,L
1789,7KQN,B
1790,3WZI,C
1791,7NDJ,C
1792,7B5K,6
1793,4M7A,P
1794,1RPU,D
1795,7OM7,K
1796,6PZQ,J
1797,4YHW,F
1798,8BUU,u
1799,7YOJ,B
1800,5DDP,B
1801,1AV6,B
1802,4II9,C
1803,4WTK,P
1804,6L0Y,B
1805,5NDI,D
1806,3QJP,R
1807,6E9E,B
1808,4V2S,Q
1809,6BBO,C
